,crisis_name,matched_outlet,coverage_count,start_date,fund_required,people_affected,crisis_days,coverage_per_day,coverage_per_funding,coverage_per_people
0,Afghanistan,ABC News,864,8/1/2021,3.04,22.9,1287,0.6713286713286714,284.2105263157895,37.7292576419214
1,Afghanistan,AP News,291,8/1/2021,3.04,22.9,1287,0.2261072261072261,95.72368421052632,12.707423580786028
2,Afghanistan,Al Jazeera,528,8/1/2021,3.04,22.9,1287,0.41025641025641024,173.68421052631578,23.056768558951966
3,Afghanistan,BBC,562,8/1/2021,3.04,22.9,1287,0.4366744366744367,184.8684210526316,24.541484716157207
4,Afghanistan,Birmigham Live,5,8/1/2021,3.04,22.9,1287,0.003885003885003885,1.644736842105263,0.2183406113537118
5,Afghanistan,Business Insider,51,8/1/2021,3.04,22.9,1287,0.039627039627039624,16.776315789473685,2.2270742358078603
6,Afghanistan,Buzzfeed,2,8/1/2021,3.04,22.9,1287,0.001554001554001554,0.6578947368421053,0.08733624454148473
7,Afghanistan,CBC (Canadian Broadcasting Corporation),148,8/1/2021,3.04,22.9,1287,0.11499611499611499,48.68421052631579,6.462882096069869
8,Afghanistan,CBS News,145,8/1/2021,3.04,22.9,1287,0.11266511266511267,47.69736842105263,6.331877729257642
9,Afghanistan,CNBC,32,8/1/2021,3.04,22.9,1287,0.024864024864024864,10.526315789473685,1.3973799126637556
10,Afghanistan,CNN,463,8/1/2021,3.04,22.9,1287,0.35975135975135974,152.30263157894737,20.218340611353714
11,Afghanistan,CTV News,81,8/1/2021,3.04,22.9,1287,0.06293706293706294,26.644736842105264,3.537117903930131
12,Afghanistan,Channel 4,7,8/1/2021,3.04,22.9,1287,0.005439005439005439,2.3026315789473686,0.30567685589519655
13,Afghanistan,Daily Express,88,8/1/2021,3.04,22.9,1287,0.06837606837606838,28.94736842105263,3.8427947598253276
14,Afghanistan,Daily Record,12,8/1/2021,3.04,22.9,1287,0.009324009324009324,3.9473684210526314,0.5240174672489083
15,Afghanistan,Forbes,44,8/1/2021,3.04,22.9,1287,0.03418803418803419,14.473684210526315,1.9213973799126638
16,Afghanistan,Fox News,412,8/1/2021,3.04,22.9,1287,0.3201243201243201,135.52631578947367,17.99126637554585
17,Afghanistan,GB News,1,8/1/2021,3.04,22.9,1287,0.000777000777000777,0.32894736842105265,0.04366812227074236
18,Afghanistan,IRNA (Islamic Iranian News Agency),5,8/1/2021,3.04,22.9,1287,0.003885003885003885,1.644736842105263,0.2183406113537118
19,Afghanistan,ITV,44,8/1/2021,3.04,22.9,1287,0.03418803418803419,14.473684210526315,1.9213973799126638
20,Afghanistan,MSN,366,8/1/2021,3.04,22.9,1287,0.28438228438228436,120.39473684210526,15.982532751091703
21,Afghanistan,Mail Online,475,8/1/2021,3.04,22.9,1287,0.3690753690753691,156.25,20.74235807860262
22,Afghanistan,Manchester Evening News,6,8/1/2021,3.04,22.9,1287,0.004662004662004662,1.9736842105263157,0.26200873362445415
23,Afghanistan,Metro,72,8/1/2021,3.04,22.9,1287,0.055944055944055944,23.684210526315788,3.14410480349345
24,Afghanistan,Mirror,68,8/1/2021,3.04,22.9,1287,0.05283605283605284,22.36842105263158,2.9694323144104806
25,Afghanistan,NBC News,132,8/1/2021,3.04,22.9,1287,0.10256410256410256,43.421052631578945,5.764192139737991
26,Afghanistan,NYT,588,8/1/2021,3.04,22.9,1287,0.4568764568764569,193.42105263157893,25.676855895196507
27,Afghanistan,New York Post,285,8/1/2021,3.04,22.9,1287,0.22144522144522144,93.75,12.445414847161572
28,Afghanistan,News.com.au,34,8/1/2021,3.04,22.9,1287,0.02641802641802642,11.18421052631579,1.4847161572052403
29,Afghanistan,Newsweek,132,8/1/2021,3.04,22.9,1287,0.10256410256410256,43.421052631578945,5.764192139737991
30,Afghanistan,RT,10,8/1/2021,3.04,22.9,1287,0.00777000777000777,3.289473684210526,0.4366812227074236
31,Afghanistan,Radio Times,1,8/1/2021,3.04,22.9,1287,0.000777000777000777,0.32894736842105265,0.04366812227074236
32,Afghanistan,Reuters,602,8/1/2021,3.04,22.9,1287,0.4677544677544678,198.02631578947367,26.2882096069869
33,Afghanistan,Sky News,246,8/1/2021,3.04,22.9,1287,0.19114219114219114,80.92105263157895,10.74235807860262
34,Afghanistan,Sydney Morning Herald ,30,8/1/2021,3.04,22.9,1287,0.023310023310023312,9.868421052631579,1.310043668122271
35,Afghanistan,The Evening Standard,106,8/1/2021,3.04,22.9,1287,0.08236208236208237,34.868421052631575,4.6288209606986905
36,Afghanistan,The Globe and Mail,50,8/1/2021,3.04,22.9,1287,0.03885003885003885,16.44736842105263,2.183406113537118
37,Afghanistan,The Guardian,324,8/1/2021,3.04,22.9,1287,0.2517482517482518,106.57894736842105,14.148471615720524
38,Afghanistan,The Independent,363,8/1/2021,3.04,22.9,1287,0.28205128205128205,119.40789473684211,15.851528384279478
39,Afghanistan,The Sun,111,8/1/2021,3.04,22.9,1287,0.08624708624708624,36.51315789473684,4.847161572052402
40,Afghanistan,The Telegraph,79,8/1/2021,3.04,22.9,1287,0.061383061383061384,25.986842105263158,3.4497816593886466
41,Afghanistan,USA Today,123,8/1/2021,3.04,22.9,1287,0.09557109557109557,40.46052631578947,5.37117903930131
42,Afghanistan,Wall Street Journal,162,8/1/2021,3.04,22.9,1287,0.1258741258741259,53.28947368421053,7.074235807860262
43,Afghanistan,Washington Post,431,8/1/2021,3.04,22.9,1287,0.3348873348873349,141.77631578947367,18.82096069868996
44,Afghanistan,yahoo,153,8/1/2021,3.04,22.9,1287,0.11888111888111888,50.328947368421055,6.681222707423581
45,Chad,ABC News,30,7/1/2009,1.5,7.8,5701,0.005262234695667427,20.0,3.8461538461538463
46,Chad,AP News,1,7/1/2009,1.5,7.8,5701,0.00017540782318891423,0.6666666666666666,0.12820512820512822
47,Chad,Al Jazeera,30,7/1/2009,1.5,7.8,5701,0.005262234695667427,20.0,3.8461538461538463
48,Chad,BBC,26,7/1/2009,1.5,7.8,5701,0.00456060340291177,17.333333333333332,3.3333333333333335
49,Chad,Business Insider,3,7/1/2009,1.5,7.8,5701,0.0005262234695667427,2.0,0.38461538461538464
50,Chad,Buzzfeed,4,7/1/2009,1.5,7.8,5701,0.0007016312927556569,2.6666666666666665,0.5128205128205129
51,Chad,CBC (Canadian Broadcasting Corporation),22,7/1/2009,1.5,7.8,5701,0.003858972110156113,14.666666666666666,2.8205128205128207
52,Chad,CBS News,1,7/1/2009,1.5,7.8,5701,0.00017540782318891423,0.6666666666666666,0.12820512820512822
53,Chad,CNN,9,7/1/2009,1.5,7.8,5701,0.001578670408700228,6.0,1.153846153846154
54,Chad,CTV News,2,7/1/2009,1.5,7.8,5701,0.00035081564637782847,1.3333333333333333,0.25641025641025644
55,Chad,Forbes,1,7/1/2009,1.5,7.8,5701,0.00017540782318891423,0.6666666666666666,0.12820512820512822
56,Chad,Fox News,23,7/1/2009,1.5,7.8,5701,0.004034379933345027,15.333333333333334,2.948717948717949
57,Chad,MSN,24,7/1/2009,1.5,7.8,5701,0.004209787756533942,16.0,3.076923076923077
58,Chad,Mail Online,33,7/1/2009,1.5,7.8,5701,0.005788458165234169,22.0,4.230769230769231
59,Chad,Mirror,2,7/1/2009,1.5,7.8,5701,0.00035081564637782847,1.3333333333333333,0.25641025641025644
60,Chad,NYT,24,7/1/2009,1.5,7.8,5701,0.004209787756533942,16.0,3.076923076923077
61,Chad,New York Post,10,7/1/2009,1.5,7.8,5701,0.0017540782318891423,6.666666666666667,1.2820512820512822
62,Chad,News.com.au,1,7/1/2009,1.5,7.8,5701,0.00017540782318891423,0.6666666666666666,0.12820512820512822
63,Chad,Newsweek,3,7/1/2009,1.5,7.8,5701,0.0005262234695667427,2.0,0.38461538461538464
64,Chad,Reuters,8,7/1/2009,1.5,7.8,5701,0.0014032625855113139,5.333333333333333,1.0256410256410258
65,Chad,Sky News,3,7/1/2009,1.5,7.8,5701,0.0005262234695667427,2.0,0.38461538461538464
66,Chad,The Evening Standard,1,7/1/2009,1.5,7.8,5701,0.00017540782318891423,0.6666666666666666,0.12820512820512822
67,Chad,The Globe and Mail,6,7/1/2009,1.5,7.8,5701,0.0010524469391334855,4.0,0.7692307692307693
68,Chad,The Guardian,61,7/1/2009,1.5,7.8,5701,0.010699877214523769,40.666666666666664,7.82051282051282
69,Chad,The Independent,6,7/1/2009,1.5,7.8,5701,0.0010524469391334855,4.0,0.7692307692307693
70,Chad,The Sun,4,7/1/2009,1.5,7.8,5701,0.0007016312927556569,2.6666666666666665,0.5128205128205129
71,Chad,The Telegraph,7,7/1/2009,1.5,7.8,5701,0.0012278547623223997,4.666666666666667,0.8974358974358975
72,Chad,USA Today,6,7/1/2009,1.5,7.8,5701,0.0010524469391334855,4.0,0.7692307692307693
73,Chad,Wall Street Journal,3,7/1/2009,1.5,7.8,5701,0.0005262234695667427,2.0,0.38461538461538464
74,Chad,Washington Post,4,7/1/2009,1.5,7.8,5701,0.0007016312927556569,2.6666666666666665,0.5128205128205129
75,Chad,yahoo,6,7/1/2009,1.5,7.8,5701,0.0010524469391334855,4.0,0.7692307692307693
76,Democratic Republic of the Congo,ABC News,56,3/1/2022,3.23,21.2,1075,0.052093023255813956,17.3374613003096,2.6415094339622645
77,Democratic Republic of the Congo,AP News,118,3/1/2022,3.23,21.2,1075,0.10976744186046512,36.53250773993808,5.566037735849057
78,Democratic Republic of the Congo,Al Jazeera,216,3/1/2022,3.23,21.2,1075,0.20093023255813955,66.87306501547988,10.18867924528302
79,Democratic Republic of the Congo,BBC,75,3/1/2022,3.23,21.2,1075,0.06976744186046512,23.21981424148607,3.5377358490566038
80,Democratic Republic of the Congo,Business Insider,18,3/1/2022,3.23,21.2,1075,0.01674418604651163,5.572755417956657,0.8490566037735849
81,Democratic Republic of the Congo,CBC (Canadian Broadcasting Corporation),27,3/1/2022,3.23,21.2,1075,0.025116279069767444,8.359133126934985,1.2735849056603774
82,Democratic Republic of the Congo,CBS News,16,3/1/2022,3.23,21.2,1075,0.014883720930232559,4.953560371517028,0.7547169811320755
83,Democratic Republic of the Congo,CNBC,6,3/1/2022,3.23,21.2,1075,0.005581395348837209,1.8575851393188854,0.2830188679245283
84,Democratic Republic of the Congo,CNN,29,3/1/2022,3.23,21.2,1075,0.026976744186046512,8.978328173374614,1.3679245283018868
85,Democratic Republic of the Congo,CTV News,14,3/1/2022,3.23,21.2,1075,0.013023255813953489,4.3343653250774,0.6603773584905661
86,Democratic Republic of the Congo,Daily Express,17,3/1/2022,3.23,21.2,1075,0.01581395348837209,5.2631578947368425,0.8018867924528302
87,Democratic Republic of the Congo,Forbes,18,3/1/2022,3.23,21.2,1075,0.01674418604651163,5.572755417956657,0.8490566037735849
88,Democratic Republic of the Congo,Fox News,18,3/1/2022,3.23,21.2,1075,0.01674418604651163,5.572755417956657,0.8490566037735849
89,Democratic Republic of the Congo,GB News,1,3/1/2022,3.23,21.2,1075,0.0009302325581395349,0.30959752321981426,0.04716981132075472
90,Democratic Republic of the Congo,ITV,2,3/1/2022,3.23,21.2,1075,0.0018604651162790699,0.6191950464396285,0.09433962264150944
91,Democratic Republic of the Congo,MSN,339,3/1/2022,3.23,21.2,1075,0.31534883720930235,104.95356037151703,15.99056603773585
92,Democratic Republic of the Congo,Mail Online,35,3/1/2022,3.23,21.2,1075,0.03255813953488372,10.8359133126935,1.650943396226415
93,Democratic Republic of the Congo,Manchester Evening News,3,3/1/2022,3.23,21.2,1075,0.0027906976744186047,0.9287925696594427,0.14150943396226415
94,Democratic Republic of the Congo,Metro,13,3/1/2022,3.23,21.2,1075,0.012093023255813953,4.024767801857585,0.6132075471698113
95,Democratic Republic of the Congo,Mirror,28,3/1/2022,3.23,21.2,1075,0.026046511627906978,8.6687306501548,1.3207547169811322
96,Democratic Republic of the Congo,NBC News,11,3/1/2022,3.23,21.2,1075,0.010232558139534883,3.4055727554179565,0.5188679245283019
97,Democratic Republic of the Congo,NYT,63,3/1/2022,3.23,21.2,1075,0.0586046511627907,19.5046439628483,2.9716981132075473
98,Democratic Republic of the Congo,New York Post,9,3/1/2022,3.23,21.2,1075,0.008372093023255815,2.7863777089783284,0.42452830188679247
99,Democratic Republic of the Congo,News.com.au,11,3/1/2022,3.23,21.2,1075,0.010232558139534883,3.4055727554179565,0.5188679245283019
100,Democratic Republic of the Congo,Newsweek,28,3/1/2022,3.23,21.2,1075,0.026046511627906978,8.6687306501548,1.3207547169811322
101,Democratic Republic of the Congo,RT,3,3/1/2022,3.23,21.2,1075,0.0027906976744186047,0.9287925696594427,0.14150943396226415
102,Democratic Republic of the Congo,Reuters,162,3/1/2022,3.23,21.2,1075,0.15069767441860465,50.15479876160991,7.6415094339622645
103,Democratic Republic of the Congo,Sky News,3,3/1/2022,3.23,21.2,1075,0.0027906976744186047,0.9287925696594427,0.14150943396226415
104,Democratic Republic of the Congo,Sydney Morning Herald ,2,3/1/2022,3.23,21.2,1075,0.0018604651162790699,0.6191950464396285,0.09433962264150944
105,Democratic Republic of the Congo,The Evening Standard,9,3/1/2022,3.23,21.2,1075,0.008372093023255815,2.7863777089783284,0.42452830188679247
106,Democratic Republic of the Congo,The Globe and Mail,25,3/1/2022,3.23,21.2,1075,0.023255813953488372,7.739938080495356,1.179245283018868
107,Democratic Republic of the Congo,The Guardian,93,3/1/2022,3.23,21.2,1075,0.08651162790697674,28.792569659442723,4.386792452830189
108,Democratic Republic of the Congo,The Independent,17,3/1/2022,3.23,21.2,1075,0.01581395348837209,5.2631578947368425,0.8018867924528302
109,Democratic Republic of the Congo,The Sun,25,3/1/2022,3.23,21.2,1075,0.023255813953488372,7.739938080495356,1.179245283018868
110,Democratic Republic of the Congo,The Telegraph,16,3/1/2022,3.23,21.2,1075,0.014883720930232559,4.953560371517028,0.7547169811320755
111,Democratic Republic of the Congo,USA Today,10,3/1/2022,3.23,21.2,1075,0.009302325581395349,3.0959752321981426,0.4716981132075472
112,Democratic Republic of the Congo,Wall Street Journal,11,3/1/2022,3.23,21.2,1075,0.010232558139534883,3.4055727554179565,0.5188679245283019
113,Democratic Republic of the Congo,Washington Post,32,3/1/2022,3.23,21.2,1075,0.029767441860465118,9.907120743034056,1.509433962264151
114,Democratic Republic of the Congo,yahoo,29,3/1/2022,3.23,21.2,1075,0.026976744186046512,8.978328173374614,1.3679245283018868
115,Ethiopia,ABC News,80,11/1/2020,2.0,10.0,1560,0.05128205128205128,40.0,8.0
116,Ethiopia,AP News,37,11/1/2020,2.0,10.0,1560,0.023717948717948717,18.5,3.7
117,Ethiopia,Al Jazeera,327,11/1/2020,2.0,10.0,1560,0.20961538461538462,163.5,32.7
118,Ethiopia,BBC,332,11/1/2020,2.0,10.0,1560,0.2128205128205128,166.0,33.2
119,Ethiopia,Business Insider,9,11/1/2020,2.0,10.0,1560,0.0057692307692307696,4.5,0.9
120,Ethiopia,Buzzfeed,2,11/1/2020,2.0,10.0,1560,0.001282051282051282,1.0,0.2
121,Ethiopia,CBC (Canadian Broadcasting Corporation),22,11/1/2020,2.0,10.0,1560,0.014102564102564103,11.0,2.2
122,Ethiopia,CBS News,20,11/1/2020,2.0,10.0,1560,0.01282051282051282,10.0,2.0
123,Ethiopia,CNBC,3,11/1/2020,2.0,10.0,1560,0.0019230769230769232,1.5,0.3
124,Ethiopia,CNN,51,11/1/2020,2.0,10.0,1560,0.032692307692307694,25.5,5.1
125,Ethiopia,CTV News,7,11/1/2020,2.0,10.0,1560,0.004487179487179487,3.5,0.7
126,Ethiopia,Daily Express,3,11/1/2020,2.0,10.0,1560,0.0019230769230769232,1.5,0.3
127,Ethiopia,Forbes,9,11/1/2020,2.0,10.0,1560,0.0057692307692307696,4.5,0.9
128,Ethiopia,Fox News,4,11/1/2020,2.0,10.0,1560,0.002564102564102564,2.0,0.4
129,Ethiopia,ITV,1,11/1/2020,2.0,10.0,1560,0.000641025641025641,0.5,0.1
130,Ethiopia,MSN,35,11/1/2020,2.0,10.0,1560,0.022435897435897436,17.5,3.5
131,Ethiopia,Mail Online,46,11/1/2020,2.0,10.0,1560,0.029487179487179487,23.0,4.6
132,Ethiopia,Manchester Evening News,2,11/1/2020,2.0,10.0,1560,0.001282051282051282,1.0,0.2
133,Ethiopia,Mirror,1,11/1/2020,2.0,10.0,1560,0.000641025641025641,0.5,0.1
134,Ethiopia,NBC News,13,11/1/2020,2.0,10.0,1560,0.008333333333333333,6.5,1.3
135,Ethiopia,NYT,126,11/1/2020,2.0,10.0,1560,0.08076923076923077,63.0,12.6
136,Ethiopia,New York Post,5,11/1/2020,2.0,10.0,1560,0.003205128205128205,2.5,0.5
137,Ethiopia,Newsweek,5,11/1/2020,2.0,10.0,1560,0.003205128205128205,2.5,0.5
138,Ethiopia,RT,1,11/1/2020,2.0,10.0,1560,0.000641025641025641,0.5,0.1
139,Ethiopia,Reuters,175,11/1/2020,2.0,10.0,1560,0.11217948717948718,87.5,17.5
140,Ethiopia,Sky News,13,11/1/2020,2.0,10.0,1560,0.008333333333333333,6.5,1.3
141,Ethiopia,The Evening Standard,2,11/1/2020,2.0,10.0,1560,0.001282051282051282,1.0,0.2
142,Ethiopia,The Globe and Mail,10,11/1/2020,2.0,10.0,1560,0.00641025641025641,5.0,1.0
143,Ethiopia,The Guardian,109,11/1/2020,2.0,10.0,1560,0.06987179487179487,54.5,10.9
144,Ethiopia,The Independent,25,11/1/2020,2.0,10.0,1560,0.016025641025641024,12.5,2.5
145,Ethiopia,The Sun,9,11/1/2020,2.0,10.0,1560,0.0057692307692307696,4.5,0.9
146,Ethiopia,The Telegraph,10,11/1/2020,2.0,10.0,1560,0.00641025641025641,5.0,1.0
147,Ethiopia,USA Today,5,11/1/2020,2.0,10.0,1560,0.003205128205128205,2.5,0.5
148,Ethiopia,Wall Street Journal,7,11/1/2020,2.0,10.0,1560,0.004487179487179487,3.5,0.7
149,Ethiopia,Washington Post,35,11/1/2020,2.0,10.0,1560,0.022435897435897436,17.5,3.5
150,Ethiopia,yahoo,10,11/1/2020,2.0,10.0,1560,0.00641025641025641,5.0,1.0
151,Gaza and the Occupied Palestinian Territories,ABC News,3106,10/1/2023,4.0,3.3,496,6.262096774193548,776.5,941.2121212121212
152,Gaza and the Occupied Palestinian Territories,AP News,938,10/1/2023,4.0,3.3,496,1.8911290322580645,234.5,284.24242424242425
153,Gaza and the Occupied Palestinian Territories,Al Jazeera,1433,10/1/2023,4.0,3.3,496,2.8891129032258065,358.25,434.24242424242425
154,Gaza and the Occupied Palestinian Territories,BBC,847,10/1/2023,4.0,3.3,496,1.7076612903225807,211.75,256.6666666666667
155,Gaza and the Occupied Palestinian Territories,Birmigham Live,29,10/1/2023,4.0,3.3,496,0.05846774193548387,7.25,8.787878787878789
156,Gaza and the Occupied Palestinian Territories,Business Insider,170,10/1/2023,4.0,3.3,496,0.34274193548387094,42.5,51.515151515151516
157,Gaza and the Occupied Palestinian Territories,Buzzfeed,86,10/1/2023,4.0,3.3,496,0.17338709677419356,21.5,26.060606060606062
158,Gaza and the Occupied Palestinian Territories,CBC (Canadian Broadcasting Corporation),856,10/1/2023,4.0,3.3,496,1.7258064516129032,214.0,259.39393939393943
159,Gaza and the Occupied Palestinian Territories,CBS News,893,10/1/2023,4.0,3.3,496,1.8004032258064515,223.25,270.6060606060606
160,Gaza and the Occupied Palestinian Territories,CNBC,209,10/1/2023,4.0,3.3,496,0.4213709677419355,52.25,63.333333333333336
161,Gaza and the Occupied Palestinian Territories,CNN,1069,10/1/2023,4.0,3.3,496,2.155241935483871,267.25,323.93939393939394
162,Gaza and the Occupied Palestinian Territories,CTV News,650,10/1/2023,4.0,3.3,496,1.310483870967742,162.5,196.96969696969697
163,Gaza and the Occupied Palestinian Territories,Channel 4,21,10/1/2023,4.0,3.3,496,0.04233870967741935,5.25,6.363636363636364
164,Gaza and the Occupied Palestinian Territories,Daily Express,279,10/1/2023,4.0,3.3,496,0.5625,69.75,84.54545454545455
165,Gaza and the Occupied Palestinian Territories,Daily Record,117,10/1/2023,4.0,3.3,496,0.23588709677419356,29.25,35.45454545454545
166,Gaza and the Occupied Palestinian Territories,Forbes,140,10/1/2023,4.0,3.3,496,0.28225806451612906,35.0,42.42424242424243
167,Gaza and the Occupied Palestinian Territories,Fox News,847,10/1/2023,4.0,3.3,496,1.7076612903225807,211.75,256.6666666666667
168,Gaza and the Occupied Palestinian Territories,GB News,85,10/1/2023,4.0,3.3,496,0.17137096774193547,21.25,25.757575757575758
169,Gaza and the Occupied Palestinian Territories,IRNA (Islamic Iranian News Agency),93,10/1/2023,4.0,3.3,496,0.1875,23.25,28.181818181818183
170,Gaza and the Occupied Palestinian Territories,ITV,414,10/1/2023,4.0,3.3,496,0.8346774193548387,103.5,125.45454545454547
171,Gaza and the Occupied Palestinian Territories,MSN,1917,10/1/2023,4.0,3.3,496,3.8649193548387095,479.25,580.909090909091
172,Gaza and the Occupied Palestinian Territories,Mail Online,915,10/1/2023,4.0,3.3,496,1.844758064516129,228.75,277.2727272727273
173,Gaza and the Occupied Palestinian Territories,Manchester Evening News,56,10/1/2023,4.0,3.3,496,0.11290322580645161,14.0,16.96969696969697
174,Gaza and the Occupied Palestinian Territories,Metro,327,10/1/2023,4.0,3.3,496,0.6592741935483871,81.75,99.0909090909091
175,Gaza and the Occupied Palestinian Territories,Mirror,313,10/1/2023,4.0,3.3,496,0.6310483870967742,78.25,94.84848484848486
176,Gaza and the Occupied Palestinian Territories,NBC News,1007,10/1/2023,4.0,3.3,496,2.030241935483871,251.75,305.1515151515152
177,Gaza and the Occupied Palestinian Territories,NYT,1399,10/1/2023,4.0,3.3,496,2.8205645161290325,349.75,423.93939393939394
178,Gaza and the Occupied Palestinian Territories,New York Post,955,10/1/2023,4.0,3.3,496,1.9254032258064515,238.75,289.39393939393943
179,Gaza and the Occupied Palestinian Territories,News.com.au,345,10/1/2023,4.0,3.3,496,0.6955645161290323,86.25,104.54545454545455
180,Gaza and the Occupied Palestinian Territories,Newsweek,787,10/1/2023,4.0,3.3,496,1.5866935483870968,196.75,238.4848484848485
181,Gaza and the Occupied Palestinian Territories,RT,142,10/1/2023,4.0,3.3,496,0.2862903225806452,35.5,43.03030303030303
182,Gaza and the Occupied Palestinian Territories,Radio Times,6,10/1/2023,4.0,3.3,496,0.012096774193548387,1.5,1.8181818181818183
183,Gaza and the Occupied Palestinian Territories,Reuters,1485,10/1/2023,4.0,3.3,496,2.993951612903226,371.25,450.0
184,Gaza and the Occupied Palestinian Territories,Sky News,1078,10/1/2023,4.0,3.3,496,2.1733870967741935,269.5,326.6666666666667
185,Gaza and the Occupied Palestinian Territories,Sydney Morning Herald ,112,10/1/2023,4.0,3.3,496,0.22580645161290322,28.0,33.93939393939394
186,Gaza and the Occupied Palestinian Territories,The Evening Standard,432,10/1/2023,4.0,3.3,496,0.8709677419354839,108.0,130.9090909090909
187,Gaza and the Occupied Palestinian Territories,The Globe and Mail,411,10/1/2023,4.0,3.3,496,0.8286290322580645,102.75,124.54545454545455
188,Gaza and the Occupied Palestinian Territories,The Guardian,1579,10/1/2023,4.0,3.3,496,3.183467741935484,394.75,478.4848484848485
189,Gaza and the Occupied Palestinian Territories,The Independent,879,10/1/2023,4.0,3.3,496,1.7721774193548387,219.75,266.3636363636364
190,Gaza and the Occupied Palestinian Territories,The Sun,519,10/1/2023,4.0,3.3,496,1.0463709677419355,129.75,157.27272727272728
191,Gaza and the Occupied Palestinian Territories,The Telegraph,674,10/1/2023,4.0,3.3,496,1.3588709677419355,168.5,204.24242424242425
192,Gaza and the Occupied Palestinian Territories,USA Today,418,10/1/2023,4.0,3.3,496,0.842741935483871,104.5,126.66666666666667
193,Gaza and the Occupied Palestinian Territories,Wall Street Journal,852,10/1/2023,4.0,3.3,496,1.717741935483871,213.0,258.1818181818182
194,Gaza and the Occupied Palestinian Territories,Washington Post,960,10/1/2023,4.0,3.3,496,1.935483870967742,240.0,290.90909090909093
195,Gaza and the Occupied Palestinian Territories,yahoo,723,10/1/2023,4.0,3.3,496,1.4576612903225807,180.75,219.0909090909091
196,Myanmar,ABC News,254,8/1/2017,1.1,19.9,2748,0.09243085880640466,230.90909090909088,12.763819095477388
197,Myanmar,AP News,69,8/1/2017,1.1,19.9,2748,0.025109170305676855,62.72727272727272,3.4673366834170856
198,Myanmar,Al Jazeera,315,8/1/2017,1.1,19.9,2748,0.1146288209606987,286.3636363636363,15.829145728643217
199,Myanmar,BBC,236,8/1/2017,1.1,19.9,2748,0.0858806404657933,214.54545454545453,11.859296482412061
200,Myanmar,Business Insider,6,8/1/2017,1.1,19.9,2748,0.002183406113537118,5.454545454545454,0.30150753768844224
201,Myanmar,Buzzfeed,5,8/1/2017,1.1,19.9,2748,0.001819505094614265,4.545454545454545,0.2512562814070352
202,Myanmar,CBC (Canadian Broadcasting Corporation),30,8/1/2017,1.1,19.9,2748,0.010917030567685589,27.27272727272727,1.5075376884422111
203,Myanmar,CBS News,18,8/1/2017,1.1,19.9,2748,0.006550218340611353,16.363636363636363,0.9045226130653267
204,Myanmar,CNBC,7,8/1/2017,1.1,19.9,2748,0.002547307132459971,6.363636363636363,0.35175879396984927
205,Myanmar,CNN,126,8/1/2017,1.1,19.9,2748,0.04585152838427948,114.54545454545453,6.331658291457287
206,Myanmar,CTV News,19,8/1/2017,1.1,19.9,2748,0.006914119359534207,17.27272727272727,0.9547738693467337
207,Myanmar,Channel 4,2,8/1/2017,1.1,19.9,2748,0.000727802037845706,1.8181818181818181,0.10050251256281408
208,Myanmar,Daily Express,6,8/1/2017,1.1,19.9,2748,0.002183406113537118,5.454545454545454,0.30150753768844224
209,Myanmar,Forbes,8,8/1/2017,1.1,19.9,2748,0.002911208151382824,7.2727272727272725,0.4020100502512563
210,Myanmar,Fox News,3,8/1/2017,1.1,19.9,2748,0.001091703056768559,2.727272727272727,0.15075376884422112
211,Myanmar,ITV,1,8/1/2017,1.1,19.9,2748,0.000363901018922853,0.9090909090909091,0.05025125628140704
212,Myanmar,MSN,38,8/1/2017,1.1,19.9,2748,0.013828238719068414,34.54545454545454,1.9095477386934674
213,Myanmar,Mail Online,38,8/1/2017,1.1,19.9,2748,0.013828238719068414,34.54545454545454,1.9095477386934674
214,Myanmar,Metro,6,8/1/2017,1.1,19.9,2748,0.002183406113537118,5.454545454545454,0.30150753768844224
215,Myanmar,Mirror,4,8/1/2017,1.1,19.9,2748,0.001455604075691412,3.6363636363636362,0.20100502512562815
216,Myanmar,NBC News,16,8/1/2017,1.1,19.9,2748,0.005822416302765648,14.545454545454545,0.8040201005025126
217,Myanmar,NYT,152,8/1/2017,1.1,19.9,2748,0.055312954876273655,138.18181818181816,7.63819095477387
218,Myanmar,New York Post,2,8/1/2017,1.1,19.9,2748,0.000727802037845706,1.8181818181818181,0.10050251256281408
219,Myanmar,News.com.au,2,8/1/2017,1.1,19.9,2748,0.000727802037845706,1.8181818181818181,0.10050251256281408
220,Myanmar,Newsweek,10,8/1/2017,1.1,19.9,2748,0.00363901018922853,9.09090909090909,0.5025125628140704
221,Myanmar,RT,5,8/1/2017,1.1,19.9,2748,0.001819505094614265,4.545454545454545,0.2512562814070352
222,Myanmar,Reuters,190,8/1/2017,1.1,19.9,2748,0.06914119359534207,172.72727272727272,9.547738693467338
223,Myanmar,Sky News,29,8/1/2017,1.1,19.9,2748,0.010553129548762736,26.36363636363636,1.4572864321608041
224,Myanmar,Sydney Morning Herald ,14,8/1/2017,1.1,19.9,2748,0.005094614264919942,12.727272727272727,0.7035175879396985
225,Myanmar,The Evening Standard,6,8/1/2017,1.1,19.9,2748,0.002183406113537118,5.454545454545454,0.30150753768844224
226,Myanmar,The Globe and Mail,16,8/1/2017,1.1,19.9,2748,0.005822416302765648,14.545454545454545,0.8040201005025126
227,Myanmar,The Guardian,206,8/1/2017,1.1,19.9,2748,0.07496360989810771,187.27272727272725,10.35175879396985
228,Myanmar,The Independent,47,8/1/2017,1.1,19.9,2748,0.01710334788937409,42.72727272727273,2.361809045226131
229,Myanmar,The Sun,1,8/1/2017,1.1,19.9,2748,0.000363901018922853,0.9090909090909091,0.05025125628140704
230,Myanmar,The Telegraph,23,8/1/2017,1.1,19.9,2748,0.008369723435225618,20.909090909090907,1.155778894472362
231,Myanmar,USA Today,5,8/1/2017,1.1,19.9,2748,0.001819505094614265,4.545454545454545,0.2512562814070352
232,Myanmar,Wall Street Journal,31,8/1/2017,1.1,19.9,2748,0.011280931586608443,28.18181818181818,1.5577889447236182
233,Myanmar,Washington Post,25,8/1/2017,1.1,19.9,2748,0.009097525473071324,22.727272727272727,1.256281407035176
234,Myanmar,yahoo,12,8/1/2017,1.1,19.9,2748,0.004366812227074236,10.909090909090908,0.6030150753768845
235,Sudan,ABC News,78,4/1/2023,10.28,30.4,679,0.11487481590574374,7.587548638132296,2.5657894736842106
236,Sudan,AP News,36,4/1/2023,10.28,30.4,679,0.053019145802650956,3.5019455252918292,1.1842105263157896
237,Sudan,Al Jazeera,374,4/1/2023,10.28,30.4,679,0.5508100147275405,36.38132295719845,12.302631578947368
238,Sudan,BBC,190,4/1/2023,10.28,30.4,679,0.27982326951399117,18.482490272373543,6.25
239,Sudan,Birmigham Live,1,4/1/2023,10.28,30.4,679,0.0014727540500736377,0.09727626459143969,0.03289473684210526
240,Sudan,Business Insider,8,4/1/2023,10.28,30.4,679,0.011782032400589101,0.7782101167315175,0.2631578947368421
241,Sudan,CBC (Canadian Broadcasting Corporation),17,4/1/2023,10.28,30.4,679,0.025036818851251842,1.6536964980544748,0.5592105263157895
242,Sudan,CBS News,87,4/1/2023,10.28,30.4,679,0.12812960235640647,8.463035019455253,2.861842105263158
243,Sudan,CNBC,5,4/1/2023,10.28,30.4,679,0.007363770250368188,0.4863813229571985,0.16447368421052633
244,Sudan,CNN,108,4/1/2023,10.28,30.4,679,0.15905743740795286,10.505836575875486,3.5526315789473686
245,Sudan,CTV News,6,4/1/2023,10.28,30.4,679,0.008836524300441826,0.5836575875486382,0.19736842105263158
246,Sudan,Daily Express,4,4/1/2023,10.28,30.4,679,0.005891016200294551,0.38910505836575876,0.13157894736842105
247,Sudan,Daily Record,1,4/1/2023,10.28,30.4,679,0.0014727540500736377,0.09727626459143969,0.03289473684210526
248,Sudan,Forbes,8,4/1/2023,10.28,30.4,679,0.011782032400589101,0.7782101167315175,0.2631578947368421
249,Sudan,Fox News,43,4/1/2023,10.28,30.4,679,0.06332842415316642,4.182879377431907,1.4144736842105263
250,Sudan,IRNA (Islamic Iranian News Agency),1,4/1/2023,10.28,30.4,679,0.0014727540500736377,0.09727626459143969,0.03289473684210526
251,Sudan,ITV,38,4/1/2023,10.28,30.4,679,0.055964653902798235,3.6964980544747084,1.25
252,Sudan,MSN,38,4/1/2023,10.28,30.4,679,0.055964653902798235,3.6964980544747084,1.25
253,Sudan,Mail Online,68,4/1/2023,10.28,30.4,679,0.10014727540500737,6.614785992217899,2.236842105263158
254,Sudan,Manchester Evening News,1,4/1/2023,10.28,30.4,679,0.0014727540500736377,0.09727626459143969,0.03289473684210526
255,Sudan,Metro,5,4/1/2023,10.28,30.4,679,0.007363770250368188,0.4863813229571985,0.16447368421052633
256,Sudan,Mirror,4,4/1/2023,10.28,30.4,679,0.005891016200294551,0.38910505836575876,0.13157894736842105
257,Sudan,NBC News,26,4/1/2023,10.28,30.4,679,0.03829160530191458,2.5291828793774322,0.8552631578947368
258,Sudan,NYT,163,4/1/2023,10.28,30.4,679,0.24005891016200295,15.85603112840467,5.361842105263158
259,Sudan,New York Post,5,4/1/2023,10.28,30.4,679,0.007363770250368188,0.4863813229571985,0.16447368421052633
260,Sudan,News.com.au,7,4/1/2023,10.28,30.4,679,0.010309278350515464,0.6809338521400778,0.23026315789473686
261,Sudan,Newsweek,39,4/1/2023,10.28,30.4,679,0.05743740795287187,3.793774319066148,1.2828947368421053
262,Sudan,RT,3,4/1/2023,10.28,30.4,679,0.004418262150220913,0.2918287937743191,0.09868421052631579
263,Sudan,Reuters,142,4/1/2023,10.28,30.4,679,0.20913107511045656,13.813229571984436,4.671052631578948
264,Sudan,Sky News,51,4/1/2023,10.28,30.4,679,0.07511045655375552,4.961089494163424,1.6776315789473686
265,Sudan,The Evening Standard,9,4/1/2023,10.28,30.4,679,0.013254786450662739,0.8754863813229573,0.2960526315789474
266,Sudan,The Globe and Mail,5,4/1/2023,10.28,30.4,679,0.007363770250368188,0.4863813229571985,0.16447368421052633
267,Sudan,The Guardian,59,4/1/2023,10.28,30.4,679,0.08689248895434462,5.739299610894942,1.9407894736842106
268,Sudan,The Independent,66,4/1/2023,10.28,30.4,679,0.09720176730486009,6.42023346303502,2.1710526315789473
269,Sudan,The Sun,11,4/1/2023,10.28,30.4,679,0.016200294550810016,1.0700389105058365,0.3618421052631579
270,Sudan,The Telegraph,25,4/1/2023,10.28,30.4,679,0.036818851251840944,2.4319066147859925,0.8223684210526316
271,Sudan,USA Today,7,4/1/2023,10.28,30.4,679,0.010309278350515464,0.6809338521400778,0.23026315789473686
272,Sudan,Wall Street Journal,8,4/1/2023,10.28,30.4,679,0.011782032400589101,0.7782101167315175,0.2631578947368421
273,Sudan,Washington Post,36,4/1/2023,10.28,30.4,679,0.053019145802650956,3.5019455252918292,1.1842105263157896
274,Sudan,yahoo,5,4/1/2023,10.28,30.4,679,0.007363770250368188,0.4863813229571985,0.16447368421052633
275,Syria,ABC News,730,3/1/2011,8.58,16.7,5093,0.14333398782642842,85.08158508158508,43.712574850299404
276,Syria,AP News,349,3/1/2011,8.58,16.7,5093,0.06852542705674455,40.675990675990676,20.898203592814372
277,Syria,Al Jazeera,890,3/1/2011,8.58,16.7,5093,0.17474965639112508,103.72960372960372,53.293413173652695
278,Syria,BBC,801,3/1/2011,8.58,16.7,5093,0.15727469075201256,93.35664335664336,47.964071856287426
279,Syria,Birmigham Live,4,3/1/2011,8.58,16.7,5093,0.0007853917141174161,0.4662004662004662,0.23952095808383234
280,Syria,Business Insider,64,3/1/2011,8.58,16.7,5093,0.012566267425878658,7.459207459207459,3.8323353293413174
281,Syria,Buzzfeed,15,3/1/2011,8.58,16.7,5093,0.0029452189279403104,1.7482517482517483,0.8982035928143713
282,Syria,CBC (Canadian Broadcasting Corporation),427,3/1/2011,8.58,16.7,5093,0.08384056548203417,49.76689976689977,25.568862275449103
283,Syria,CBS News,107,3/1/2011,8.58,16.7,5093,0.02100922835264088,12.470862470862471,6.407185628742515
284,Syria,CNBC,16,3/1/2011,8.58,16.7,5093,0.0031415668564696644,1.8648018648018647,0.9580838323353293
285,Syria,CNN,579,3/1/2011,8.58,16.7,5093,0.11368545061849597,67.48251748251748,34.67065868263473
286,Syria,CTV News,222,3/1/2011,8.58,16.7,5093,0.04358924013351659,25.874125874125873,13.293413173652695
287,Syria,Channel 4,9,3/1/2011,8.58,16.7,5093,0.0017671313567641862,1.048951048951049,0.5389221556886228
288,Syria,Daily Express,98,3/1/2011,8.58,16.7,5093,0.019242096995876694,11.421911421911421,5.868263473053893
289,Syria,Daily Record,16,3/1/2011,8.58,16.7,5093,0.0031415668564696644,1.8648018648018647,0.9580838323353293
290,Syria,Forbes,24,3/1/2011,8.58,16.7,5093,0.004712350284704497,2.797202797202797,1.437125748502994
291,Syria,Fox News,126,3/1/2011,8.58,16.7,5093,0.024739838994698605,14.685314685314685,7.544910179640719
292,Syria,IRNA (Islamic Iranian News Agency),3,3/1/2011,8.58,16.7,5093,0.0005890437855880621,0.34965034965034963,0.17964071856287425
293,Syria,ITV,39,3/1/2011,8.58,16.7,5093,0.007657569212644807,4.545454545454546,2.3353293413173652
294,Syria,MSN,656,3/1/2011,8.58,16.7,5093,0.12880424111525623,76.45687645687646,39.2814371257485
295,Syria,Mail Online,696,3/1/2011,8.58,16.7,5093,0.1366581582564304,81.11888111888112,41.67664670658683
296,Syria,Manchester Evening News,28,3/1/2011,8.58,16.7,5093,0.005497741998821913,3.2634032634032635,1.6766467065868265
297,Syria,Metro,37,3/1/2011,8.58,16.7,5093,0.007264873355586099,4.312354312354312,2.215568862275449
298,Syria,Mirror,90,3/1/2011,8.58,16.7,5093,0.01767131356764186,10.48951048951049,5.389221556886228
299,Syria,NBC News,172,3/1/2011,8.58,16.7,5093,0.03377184370704889,20.046620046620045,10.29940119760479
300,Syria,NYT,575,3/1/2011,8.58,16.7,5093,0.11290005890437856,67.01631701631702,34.4311377245509
301,Syria,New York Post,38,3/1/2011,8.58,16.7,5093,0.007461221284115452,4.428904428904429,2.2754491017964074
302,Syria,News.com.au,37,3/1/2011,8.58,16.7,5093,0.007264873355586099,4.312354312354312,2.215568862275449
303,Syria,Newsweek,354,3/1/2011,8.58,16.7,5093,0.06950716669939132,41.25874125874126,21.197604790419163
304,Syria,RT,132,3/1/2011,8.58,16.7,5093,0.02591792656587473,15.384615384615385,7.904191616766467
305,Syria,Radio Times,4,3/1/2011,8.58,16.7,5093,0.0007853917141174161,0.4662004662004662,0.23952095808383234
306,Syria,Reuters,471,3/1/2011,8.58,16.7,5093,0.09247987433732574,54.89510489510489,28.20359281437126
307,Syria,Sky News,87,3/1/2011,8.58,16.7,5093,0.0170822697820538,10.13986013986014,5.209580838323354
308,Syria,Sydney Morning Herald ,14,3/1/2011,8.58,16.7,5093,0.0027488709994109564,1.6317016317016317,0.8383233532934132
309,Syria,The Evening Standard,63,3/1/2011,8.58,16.7,5093,0.012369919497349302,7.3426573426573425,3.7724550898203595
310,Syria,The Globe and Mail,73,3/1/2011,8.58,16.7,5093,0.014333398782642844,8.508158508158509,4.371257485029941
311,Syria,The Guardian,962,3/1/2011,8.58,16.7,5093,0.18888670724523857,112.12121212121212,57.60479041916168
312,Syria,The Independent,299,3/1/2011,8.58,16.7,5093,0.05870803063027685,34.84848484848485,17.904191616766468
313,Syria,The Sun,114,3/1/2011,8.58,16.7,5093,0.022383663852346358,13.286713286713287,6.826347305389222
314,Syria,The Telegraph,211,3/1/2011,8.58,16.7,5093,0.041429412919693695,24.592074592074592,12.634730538922156
315,Syria,USA Today,81,3/1/2011,8.58,16.7,5093,0.015904182210877676,9.44055944055944,4.850299401197605
316,Syria,Wall Street Journal,299,3/1/2011,8.58,16.7,5093,0.05870803063027685,34.84848484848485,17.904191616766468
317,Syria,Washington Post,644,3/1/2011,8.58,16.7,5093,0.12644806597290398,75.05827505827506,38.56287425149701
318,Syria,yahoo,251,3/1/2011,8.58,16.7,5093,0.04928333006086786,29.254079254079254,15.02994011976048
319,Ukraine,ABC News,1746,2/1/2022,3.32,12.7,1103,1.5829555757026292,525.9036144578314,137.48031496062993
320,Ukraine,AP News,264,2/1/2022,3.32,12.7,1103,0.23934723481414324,79.51807228915663,20.78740157480315
321,Ukraine,Al Jazeera,1274,2/1/2022,3.32,12.7,1103,1.155031731640979,383.73493975903614,100.31496062992126
322,Ukraine,BBC,553,2/1/2022,3.32,12.7,1103,0.5013599274705349,166.56626506024097,43.54330708661418
323,Ukraine,Birmigham Live,11,2/1/2022,3.32,12.7,1103,0.009972801450589302,3.313253012048193,0.8661417322834646
324,Ukraine,Business Insider,87,2/1/2022,3.32,12.7,1103,0.07887579329102448,26.204819277108435,6.850393700787402
325,Ukraine,Buzzfeed,17,2/1/2022,3.32,12.7,1103,0.015412511332728921,5.120481927710844,1.3385826771653544
326,Ukraine,CBC (Canadian Broadcasting Corporation),276,2/1/2022,3.32,12.7,1103,0.25022665457842247,83.13253012048193,21.73228346456693
327,Ukraine,CBS News,689,2/1/2022,3.32,12.7,1103,0.6246600181323663,207.53012048192772,54.25196850393701
328,Ukraine,CNBC,430,2/1/2022,3.32,12.7,1103,0.3898458748866727,129.51807228915663,33.85826771653544
329,Ukraine,CNN,1395,2/1/2022,3.32,12.7,1103,1.2647325475974616,420.1807228915663,109.84251968503938
330,Ukraine,CTV News,325,2/1/2022,3.32,12.7,1103,0.29465095194922936,97.89156626506025,25.590551181102363
331,Ukraine,Channel 4,5,2/1/2022,3.32,12.7,1103,0.004533091568449683,1.5060240963855422,0.3937007874015748
332,Ukraine,Daily Express,200,2/1/2022,3.32,12.7,1103,0.1813236627379873,60.24096385542169,15.748031496062993
333,Ukraine,Daily Record,90,2/1/2022,3.32,12.7,1103,0.0815956482320943,27.10843373493976,7.086614173228347
334,Ukraine,Forbes,303,2/1/2022,3.32,12.7,1103,0.2747053490480508,91.26506024096386,23.858267716535433
335,Ukraine,Fox News,777,2/1/2022,3.32,12.7,1103,0.7044424297370807,234.03614457831327,61.181102362204726
336,Ukraine,GB News,15,2/1/2022,3.32,12.7,1103,0.013599274705349048,4.518072289156627,1.1811023622047245
337,Ukraine,IRNA (Islamic Iranian News Agency),5,2/1/2022,3.32,12.7,1103,0.004533091568449683,1.5060240963855422,0.3937007874015748
338,Ukraine,ITV,132,2/1/2022,3.32,12.7,1103,0.11967361740707162,39.75903614457832,10.393700787401576
339,Ukraine,MSN,403,2/1/2022,3.32,12.7,1103,0.3653671804170444,121.3855421686747,31.73228346456693
340,Ukraine,Mail Online,1011,2/1/2022,3.32,12.7,1103,0.9165911151405258,304.51807228915663,79.60629921259843
341,Ukraine,Manchester Evening News,40,2/1/2022,3.32,12.7,1103,0.03626473254759746,12.048192771084338,3.1496062992125986
342,Ukraine,Metro,729,2/1/2022,3.32,12.7,1103,0.6609247506799637,219.57831325301206,57.40157480314961
343,Ukraine,Mirror,223,2/1/2022,3.32,12.7,1103,0.20217588395285585,67.16867469879519,17.559055118110237
344,Ukraine,NBC News,615,2/1/2022,3.32,12.7,1103,0.557570262919311,185.24096385542168,48.425196850393704
345,Ukraine,NYT,1215,2/1/2022,3.32,12.7,1103,1.101541251133273,365.9638554216868,95.66929133858268
346,Ukraine,New York Post,569,2/1/2022,3.32,12.7,1103,0.5158658204895739,171.3855421686747,44.803149606299215
347,Ukraine,News.com.au,355,2/1/2022,3.32,12.7,1103,0.32184950135992746,106.9277108433735,27.95275590551181
348,Ukraine,Newsweek,1745,2/1/2022,3.32,12.7,1103,1.5820489573889394,525.6024096385543,137.4015748031496
349,Ukraine,RT,94,2/1/2022,3.32,12.7,1103,0.08522212148685404,28.313253012048193,7.4015748031496065
350,Ukraine,Radio Times,2,2/1/2022,3.32,12.7,1103,0.001813236627379873,0.6024096385542169,0.15748031496062992
351,Ukraine,Reuters,1266,2/1/2022,3.32,12.7,1103,1.1477787851314596,381.3253012048193,99.68503937007874
352,Ukraine,Sky News,989,2/1/2022,3.32,12.7,1103,0.8966455122393472,297.89156626506025,77.8740157480315
353,Ukraine,Sydney Morning Herald ,27,2/1/2022,3.32,12.7,1103,0.024478694469628286,8.132530120481928,2.125984251968504
354,Ukraine,The Evening Standard,223,2/1/2022,3.32,12.7,1103,0.20217588395285585,67.16867469879519,17.559055118110237
355,Ukraine,The Globe and Mail,80,2/1/2022,3.32,12.7,1103,0.07252946509519492,24.096385542168676,6.299212598425197
356,Ukraine,The Guardian,505,2/1/2022,3.32,12.7,1103,0.457842248413418,152.10843373493978,39.76377952755906
357,Ukraine,The Independent,782,2/1/2022,3.32,12.7,1103,0.7089755213055303,235.54216867469881,61.5748031496063
358,Ukraine,The Sun,595,2/1/2022,3.32,12.7,1103,0.5394378966455122,179.21686746987953,46.85039370078741
359,Ukraine,The Telegraph,849,2/1/2022,3.32,12.7,1103,0.7697189483227561,255.72289156626508,66.85039370078741
360,Ukraine,USA Today,273,2/1/2022,3.32,12.7,1103,0.24750679963735267,82.2289156626506,21.496062992125985
361,Ukraine,Wall Street Journal,234,2/1/2022,3.32,12.7,1103,0.21214868540344514,70.48192771084338,18.425196850393704
362,Ukraine,Washington Post,755,2/1/2022,3.32,12.7,1103,0.6844968268359021,227.40963855421688,59.4488188976378
363,Ukraine,yahoo,140,2/1/2022,3.32,12.7,1103,0.12692656391659113,42.16867469879518,11.023622047244094
364,Yemen,ABC News,78,9/1/2014,2.5,19.5,3813,0.020456333595594022,31.2,4.0
365,Yemen,AP News,95,9/1/2014,2.5,19.5,3813,0.024914765276685024,38.0,4.871794871794871
366,Yemen,Al Jazeera,301,9/1/2014,2.5,19.5,3813,0.07894046682402307,120.4,15.435897435897436
367,Yemen,BBC,209,9/1/2014,2.5,19.5,3813,0.05481248360870705,83.6,10.717948717948717
368,Yemen,Business Insider,14,9/1/2014,2.5,19.5,3813,0.0036716496197220037,5.6,0.717948717948718
369,Yemen,Buzzfeed,4,9/1/2014,2.5,19.5,3813,0.001049042748492001,1.6,0.20512820512820512
370,Yemen,CBC (Canadian Broadcasting Corporation),23,9/1/2014,2.5,19.5,3813,0.006031995803829006,9.2,1.1794871794871795
371,Yemen,CBS News,27,9/1/2014,2.5,19.5,3813,0.007081038552321007,10.8,1.3846153846153846
372,Yemen,CNBC,3,9/1/2014,2.5,19.5,3813,0.0007867820613690008,1.2,0.15384615384615385
373,Yemen,CNN,91,9/1/2014,2.5,19.5,3813,0.023865722528193023,36.4,4.666666666666667
374,Yemen,CTV News,33,9/1/2014,2.5,19.5,3813,0.00865460267505901,13.2,1.6923076923076923
375,Yemen,Channel 4,1,9/1/2014,2.5,19.5,3813,0.00026226068712300026,0.4,0.05128205128205128
376,Yemen,Daily Express,8,9/1/2014,2.5,19.5,3813,0.002098085496984002,3.2,0.41025641025641024
377,Yemen,Forbes,8,9/1/2014,2.5,19.5,3813,0.002098085496984002,3.2,0.41025641025641024
378,Yemen,Fox News,17,9/1/2014,2.5,19.5,3813,0.0044584316810910045,6.8,0.8717948717948718
379,Yemen,ITV,2,9/1/2014,2.5,19.5,3813,0.0005245213742460005,0.8,0.10256410256410256
380,Yemen,MSN,70,9/1/2014,2.5,19.5,3813,0.01835824809861002,28.0,3.58974358974359
381,Yemen,Mail Online,127,9/1/2014,2.5,19.5,3813,0.033307107264621036,50.8,6.512820512820513
382,Yemen,Metro,6,9/1/2014,2.5,19.5,3813,0.0015735641227380016,2.4,0.3076923076923077
383,Yemen,Mirror,9,9/1/2014,2.5,19.5,3813,0.0023603461841070024,3.6,0.46153846153846156
384,Yemen,NBC News,21,9/1/2014,2.5,19.5,3813,0.0055074744295830055,8.4,1.0769230769230769
385,Yemen,NYT,167,9/1/2014,2.5,19.5,3813,0.043797534749541046,66.8,8.564102564102564
386,Yemen,New York Post,11,9/1/2014,2.5,19.5,3813,0.002884867558353003,4.4,0.5641025641025641
387,Yemen,News.com.au,1,9/1/2014,2.5,19.5,3813,0.00026226068712300026,0.4,0.05128205128205128
388,Yemen,Newsweek,20,9/1/2014,2.5,19.5,3813,0.005245213742460005,8.0,1.0256410256410255
389,Yemen,RT,8,9/1/2014,2.5,19.5,3813,0.002098085496984002,3.2,0.41025641025641024
390,Yemen,Reuters,131,9/1/2014,2.5,19.5,3813,0.03435615001311303,52.4,6.717948717948718
391,Yemen,Sky News,23,9/1/2014,2.5,19.5,3813,0.006031995803829006,9.2,1.1794871794871795
392,Yemen,Sydney Morning Herald ,2,9/1/2014,2.5,19.5,3813,0.0005245213742460005,0.8,0.10256410256410256
393,Yemen,The Evening Standard,3,9/1/2014,2.5,19.5,3813,0.0007867820613690008,1.2,0.15384615384615385
394,Yemen,The Globe and Mail,21,9/1/2014,2.5,19.5,3813,0.0055074744295830055,8.4,1.0769230769230769
395,Yemen,The Guardian,196,9/1/2014,2.5,19.5,3813,0.051403094676108055,78.4,10.051282051282051
396,Yemen,The Independent,80,9/1/2014,2.5,19.5,3813,0.02098085496984002,32.0,4.102564102564102
397,Yemen,The Sun,19,9/1/2014,2.5,19.5,3813,0.004982953055337005,7.6,0.9743589743589743
398,Yemen,The Telegraph,15,9/1/2014,2.5,19.5,3813,0.003933910306845004,6.0,0.7692307692307693
399,Yemen,USA Today,12,9/1/2014,2.5,19.5,3813,0.003147128245476003,4.8,0.6153846153846154
400,Yemen,Wall Street Journal,47,9/1/2014,2.5,19.5,3813,0.012326252294781013,18.8,2.41025641025641
401,Yemen,Washington Post,89,9/1/2014,2.5,19.5,3813,0.023341201153947024,35.6,4.564102564102564
402,Yemen,yahoo,20,9/1/2014,2.5,19.5,3813,0.005245213742460005,8.0,1.0256410256410255
